Resumen,Clave de incidencia,ID de la incidencia,Tipo de Incidencia,Estado,Clave del proyecto,Nombre del proyecto,Tipo de proyecto,Responsable del proyecto,ID del responsable del proyecto,Descripción del proyecto,Prioridad,Resolución,Persona asignada,ID de la persona asignada,Informador,ID del informador,Creador,ID del creador,Creada,Actualizada,Vista por Última Vez,Resuelta,Fecha de vencimiento,Votos,Descripción,Entorno,Interesados,Interesados,ID de los interesados,ID de los interesados,Estimación original,Trabajo restante estimado,Tiempo Trabajado,Relación de trabajo,Σ Estimación original,Σ Trabajo restante estimado,Σ Tiempo empleado,Nivel de Seguridad,Campo personalizado (Clasificación),Campo personalizado (Color de la incidencia),Campo personalizado (Fecha de inicio),Sprint,Campo personalizado (Story point estimate),Campo personalizado (Team),Campo personalizado (Vulnerabilidad),Campo personalizado (development),Comentario,Categoría de estado,Categoría de estado cambiada,Principal,Clave principal,Parent summary
Microservicio de Workspaces,OC-1,10012,Tarea,Listo,OC,OCTOMATION,software,Santiago Ricardo Santander Vergara,712020:4cae68be-375c-4ca4-8979-1ff182cb8adf,,Medium,Listo,DIEGO LUIS QUIOZA GONZALEZ,712020:e0507d9d-17d9-4e54-a71a-4a5833e161fd,Santiago Ricardo Santander Vergara,712020:4cae68be-375c-4ca4-8979-1ff182cb8adf,Santiago Ricardo Santander Vergara,712020:4cae68be-375c-4ca4-8979-1ff182cb8adf,26/sep/26 12:13 PM,26/sep/26 12:51 PM,,26/sep/26 12:37 PM,17/sep/26 12:00 AM,0,Desarrollar microservicio de workspaces compatible con ms de IAM,,Santiago Ricardo Santander Vergara,,712020:4cae68be-375c-4ca4-8979-1ff182cb8adf,,,,,,,,,,0|i0002n:,,,OC Sprint 3,,,,{},,Listo,26/sep/26 12:37 PM,,,
Microservicio IAM,OC-5,10016,Tarea,Listo,OC,OCTOMATION,software,Santiago Ricardo Santander Vergara,712020:4cae68be-375c-4ca4-8979-1ff182cb8adf,,Medium,Listo,Denis Carcamo,712020:2601871d-2ee4-41d0-8851-3f562224f2e1,Santiago Ricardo Santander Vergara,712020:4cae68be-375c-4ca4-8979-1ff182cb8adf,Santiago Ricardo Santander Vergara,712020:4cae68be-375c-4ca4-8979-1ff182cb8adf,26/sep/26 12:18 PM,26/sep/26 12:51 PM,,26/sep/26 12:37 PM,17/sep/26 12:00 AM,0,Desarrollar microservicio de IAM con las nuevas relaciones y tablas,,Santiago Ricardo Santander Vergara,,712020:4cae68be-375c-4ca4-8979-1ff182cb8adf,,,,,,,,,,0|i0002r:,,,OC Sprint 3,,,,{},,Listo,26/sep/26 12:37 PM,,,
Microservicio de Facturación (Billing),OC-10,10021,Tarea,Listo,OC,OCTOMATION,software,Santiago Ricardo Santander Vergara,712020:4cae68be-375c-4ca4-8979-1ff182cb8adf,,Medium,Listo,Santiago Ricardo Santander Vergara,712020:4cae68be-375c-4ca4-8979-1ff182cb8adf,Santiago Ricardo Santander Vergara,712020:4cae68be-375c-4ca4-8979-1ff182cb8adf,Santiago Ricardo Santander Vergara,712020:4cae68be-375c-4ca4-8979-1ff182cb8adf,26/sep/26 12:22 PM,26/sep/26 12:37 PM,,26/sep/26 12:37 PM,17/sep/26 12:00 AM,0,"Desarrollar el microservicio central de facturación y suscripciones para el sistema. Stack tecnológico utilizado: NestJS, TypeScript, PostgreSQL y Prisma ORM.

*Requerimientos técnicos implementados:*

* Base de datos relacional modelada con Prisma.
* Uso estricto de identificadores UUID a nivel de base de datos para mayor seguridad.
* Manejo y estandarización de fechas en formato UTC para evitar conflictos de zonas horarias.
* Documentación automática de la API REST utilizando Swagger.",,Santiago Ricardo Santander Vergara,,712020:4cae68be-375c-4ca4-8979-1ff182cb8adf,,,,,,,,,,0|i0002t:,,,OC Sprint 3,,,,{},,Listo,26/sep/26 12:37 PM,,,
Crear BD,OC-2,10013,Subtask,Listo,OC,OCTOMATION,software,Santiago Ricardo Santander Vergara,712020:4cae68be-375c-4ca4-8979-1ff182cb8adf,,Medium,Listo,DIEGO LUIS QUIOZA GONZALEZ,712020:e0507d9d-17d9-4e54-a71a-4a5833e161fd,Santiago Ricardo Santander Vergara,712020:4cae68be-375c-4ca4-8979-1ff182cb8adf,Santiago Ricardo Santander Vergara,712020:4cae68be-375c-4ca4-8979-1ff182cb8adf,26/sep/26 12:16 PM,26/sep/26 12:51 PM,,26/sep/26 12:17 PM,,0,,,Santiago Ricardo Santander Vergara,,712020:4cae68be-375c-4ca4-8979-1ff182cb8adf,,,,,,,,,,0|i0002v:,,,OC Sprint 3,,,,{},,Listo,26/sep/26 12:17 PM,10012,OC-1,Microservicio de Workspaces
Crear Endpoints,OC-3,10014,Subtask,Listo,OC,OCTOMATION,software,Santiago Ricardo Santander Vergara,712020:4cae68be-375c-4ca4-8979-1ff182cb8adf,,Medium,Listo,DIEGO LUIS QUIOZA GONZALEZ,712020:e0507d9d-17d9-4e54-a71a-4a5833e161fd,Santiago Ricardo Santander Vergara,712020:4cae68be-375c-4ca4-8979-1ff182cb8adf,Santiago Ricardo Santander Vergara,712020:4cae68be-375c-4ca4-8979-1ff182cb8adf,26/sep/26 12:16 PM,26/sep/26 12:51 PM,,26/sep/26 12:17 PM,,0,,,Santiago Ricardo Santander Vergara,,712020:4cae68be-375c-4ca4-8979-1ff182cb8adf,,,,,,,,,,0|i00033:,,,OC Sprint 3,,,,{},,Listo,26/sep/26 12:17 PM,10012,OC-1,Microservicio de Workspaces
Probar flujo con ms de IAM,OC-4,10015,Subtask,Listo,OC,OCTOMATION,software,Santiago Ricardo Santander Vergara,712020:4cae68be-375c-4ca4-8979-1ff182cb8adf,,Medium,Listo,DIEGO LUIS QUIOZA GONZALEZ,712020:e0507d9d-17d9-4e54-a71a-4a5833e161fd,Santiago Ricardo Santander Vergara,712020:4cae68be-375c-4ca4-8979-1ff182cb8adf,Santiago Ricardo Santander Vergara,712020:4cae68be-375c-4ca4-8979-1ff182cb8adf,26/sep/26 12:16 PM,26/sep/26 12:51 PM,,26/sep/26 12:17 PM,,0,,,Santiago Ricardo Santander Vergara,,712020:4cae68be-375c-4ca4-8979-1ff182cb8adf,,,,,,,,,,0|i0003b:,,,OC Sprint 3,,,,{},,Listo,26/sep/26 12:17 PM,10012,OC-1,Microservicio de Workspaces
"Crear tablas de Procesos, procesos_permisos, roles_permisos",OC-7,10018,Subtask,Listo,OC,OCTOMATION,software,Santiago Ricardo Santander Vergara,712020:4cae68be-375c-4ca4-8979-1ff182cb8adf,,Medium,Listo,Denis Carcamo,712020:2601871d-2ee4-41d0-8851-3f562224f2e1,Santiago Ricardo Santander Vergara,712020:4cae68be-375c-4ca4-8979-1ff182cb8adf,Santiago Ricardo Santander Vergara,712020:4cae68be-375c-4ca4-8979-1ff182cb8adf,26/sep/26 12:20 PM,26/sep/26 12:51 PM,,26/sep/26 12:20 PM,,0,,,Santiago Ricardo Santander Vergara,,712020:4cae68be-375c-4ca4-8979-1ff182cb8adf,,,,,,,,,,0|i0003r:,,,OC Sprint 3,,,,{},,Listo,26/sep/26 12:20 PM,10016,OC-5,Microservicio IAM
Dejar listos los endpoints para cada tabla. ,OC-8,10019,Subtask,Listo,OC,OCTOMATION,software,Santiago Ricardo Santander Vergara,712020:4cae68be-375c-4ca4-8979-1ff182cb8adf,,Medium,Listo,Denis Carcamo,712020:2601871d-2ee4-41d0-8851-3f562224f2e1,Santiago Ricardo Santander Vergara,712020:4cae68be-375c-4ca4-8979-1ff182cb8adf,Santiago Ricardo Santander Vergara,712020:4cae68be-375c-4ca4-8979-1ff182cb8adf,26/sep/26 12:20 PM,26/sep/26 12:51 PM,,26/sep/26 12:20 PM,,0,,,Santiago Ricardo Santander Vergara,,712020:4cae68be-375c-4ca4-8979-1ff182cb8adf,,,,,,,,,,0|i0003z:,,,OC Sprint 3,,,,{},,Listo,26/sep/26 12:20 PM,10016,OC-5,Microservicio IAM
Cambiar la forma de borrar.,OC-9,10020,Subtask,Listo,OC,OCTOMATION,software,Santiago Ricardo Santander Vergara,712020:4cae68be-375c-4ca4-8979-1ff182cb8adf,,Medium,Listo,Denis Carcamo,712020:2601871d-2ee4-41d0-8851-3f562224f2e1,Santiago Ricardo Santander Vergara,712020:4cae68be-375c-4ca4-8979-1ff182cb8adf,Santiago Ricardo Santander Vergara,712020:4cae68be-375c-4ca4-8979-1ff182cb8adf,26/sep/26 12:20 PM,26/sep/26 12:51 PM,,26/sep/26 12:20 PM,,0,En vez de borrar → desactivar.,,Santiago Ricardo Santander Vergara,,712020:4cae68be-375c-4ca4-8979-1ff182cb8adf,,,,,,,,,,0|i00047:,,,OC Sprint 3,,,,{},,Listo,26/sep/26 12:20 PM,10016,OC-5,Microservicio IAM
Inicializar proyecto NestJS y levantar base de datos PostgreSQL con Docker.,OC-11,10022,Subtask,Listo,OC,OCTOMATION,software,Santiago Ricardo Santander Vergara,712020:4cae68be-375c-4ca4-8979-1ff182cb8adf,,Medium,Listo,Santiago Ricardo Santander Vergara,712020:4cae68be-375c-4ca4-8979-1ff182cb8adf,Santiago Ricardo Santander Vergara,712020:4cae68be-375c-4ca4-8979-1ff182cb8adf,Santiago Ricardo Santander Vergara,712020:4cae68be-375c-4ca4-8979-1ff182cb8adf,26/sep/26 12:23 PM,26/sep/26 12:52 PM,,26/sep/26 12:23 PM,,0,,,Santiago Ricardo Santander Vergara,,712020:4cae68be-375c-4ca4-8979-1ff182cb8adf,,,,,,,,,,0|i0004n:,,,OC Sprint 3,,,,{},,Listo,26/sep/26 12:23 PM,10021,OC-10,Microservicio de Facturación (Billing)
Configurar Prisma ORM y crear esquemas/modelos de base de datos.,OC-12,10023,Subtask,Listo,OC,OCTOMATION,software,Santiago Ricardo Santander Vergara,712020:4cae68be-375c-4ca4-8979-1ff182cb8adf,,Medium,Listo,Santiago Ricardo Santander Vergara,712020:4cae68be-375c-4ca4-8979-1ff182cb8adf,Santiago Ricardo Santander Vergara,712020:4cae68be-375c-4ca4-8979-1ff182cb8adf,Santiago Ricardo Santander Vergara,712020:4cae68be-375c-4ca4-8979-1ff182cb8adf,26/sep/26 12:23 PM,26/sep/26 12:52 PM,,26/sep/26 12:23 PM,,0,,,Santiago Ricardo Santander Vergara,,712020:4cae68be-375c-4ca4-8979-1ff182cb8adf,,,,,,,,,,0|i0004v:,,,OC Sprint 3,,,,{},,Listo,26/sep/26 12:23 PM,10021,OC-10,Microservicio de Facturación (Billing)
"Desarrollar módulos, controladores y servicios (Endpoints REST).",OC-13,10024,Subtask,Listo,OC,OCTOMATION,software,Santiago Ricardo Santander Vergara,712020:4cae68be-375c-4ca4-8979-1ff182cb8adf,,Medium,Listo,Santiago Ricardo Santander Vergara,712020:4cae68be-375c-4ca4-8979-1ff182cb8adf,Santiago Ricardo Santander Vergara,712020:4cae68be-375c-4ca4-8979-1ff182cb8adf,Santiago Ricardo Santander Vergara,712020:4cae68be-375c-4ca4-8979-1ff182cb8adf,26/sep/26 12:23 PM,26/sep/26 12:52 PM,,26/sep/26 12:23 PM,,0,,,Santiago Ricardo Santander Vergara,,712020:4cae68be-375c-4ca4-8979-1ff182cb8adf,,,,,,,,,,0|i00053:,,,OC Sprint 3,,,,{},,Listo,26/sep/26 12:23 PM,10021,OC-10,Microservicio de Facturación (Billing)
Implementar validaciones de UUID y lógica de fechas UTC.,OC-14,10025,Subtask,Listo,OC,OCTOMATION,software,Santiago Ricardo Santander Vergara,712020:4cae68be-375c-4ca4-8979-1ff182cb8adf,,Medium,Listo,Santiago Ricardo Santander Vergara,712020:4cae68be-375c-4ca4-8979-1ff182cb8adf,Santiago Ricardo Santander Vergara,712020:4cae68be-375c-4ca4-8979-1ff182cb8adf,Santiago Ricardo Santander Vergara,712020:4cae68be-375c-4ca4-8979-1ff182cb8adf,26/sep/26 12:23 PM,26/sep/26 12:52 PM,,26/sep/26 12:23 PM,,0,,,Santiago Ricardo Santander Vergara,,712020:4cae68be-375c-4ca4-8979-1ff182cb8adf,,,,,,,,,,0|i0005b:,,,OC Sprint 3,,,,{},,Listo,26/sep/26 12:23 PM,10021,OC-10,Microservicio de Facturación (Billing)
Generar documentación de la API con Swagger.,OC-15,10026,Subtask,Listo,OC,OCTOMATION,software,Santiago Ricardo Santander Vergara,712020:4cae68be-375c-4ca4-8979-1ff182cb8adf,,Medium,Listo,Santiago Ricardo Santander Vergara,712020:4cae68be-375c-4ca4-8979-1ff182cb8adf,Santiago Ricardo Santander Vergara,712020:4cae68be-375c-4ca4-8979-1ff182cb8adf,Santiago Ricardo Santander Vergara,712020:4cae68be-375c-4ca4-8979-1ff182cb8adf,26/sep/26 12:25 PM,26/sep/26 12:52 PM,,26/sep/26 12:25 PM,,0,,,Santiago Ricardo Santander Vergara,,712020:4cae68be-375c-4ca4-8979-1ff182cb8adf,,,,,,,,,,0|i0005j:,,,OC Sprint 3,,,,{},,Listo,26/sep/26 12:25 PM,10021,OC-10,Microservicio de Facturación (Billing)
Subir la versión funcional al repositorio independiente.,OC-16,10027,Subtask,Listo,OC,OCTOMATION,software,Santiago Ricardo Santander Vergara,712020:4cae68be-375c-4ca4-8979-1ff182cb8adf,,Medium,Listo,Santiago Ricardo Santander Vergara,712020:4cae68be-375c-4ca4-8979-1ff182cb8adf,Santiago Ricardo Santander Vergara,712020:4cae68be-375c-4ca4-8979-1ff182cb8adf,Santiago Ricardo Santander Vergara,712020:4cae68be-375c-4ca4-8979-1ff182cb8adf,26/sep/26 12:25 PM,26/sep/26 12:52 PM,,26/sep/26 12:37 PM,,0,,,Santiago Ricardo Santander Vergara,,712020:4cae68be-375c-4ca4-8979-1ff182cb8adf,,,,,,,,,,0|i0005r:,,,OC Sprint 3,,,,{},,Listo,26/sep/26 12:37 PM,10021,OC-10,Microservicio de Facturación (Billing)
Redacción de documentos individuales de la Fase 1,OC-17,10028,Tarea,Listo,OC,OCTOMATION,software,Santiago Ricardo Santander Vergara,712020:4cae68be-375c-4ca4-8979-1ff182cb8adf,,Medium,Listo,Denis Carcamo,712020:2601871d-2ee4-41d0-8851-3f562224f2e1,Santiago Ricardo Santander Vergara,712020:4cae68be-375c-4ca4-8979-1ff182cb8adf,Santiago Ricardo Santander Vergara,712020:4cae68be-375c-4ca4-8979-1ff182cb8adf,26/sep/26 12:33 PM,26/sep/26 12:50 PM,,26/sep/26 12:36 PM,,0,,,Santiago Ricardo Santander Vergara,,712020:4cae68be-375c-4ca4-8979-1ff182cb8adf,,,,,,,,,,0|i0005z:,,,OC Sprint 1,,,,{},,Listo,26/sep/26 12:36 PM,,,
Definición del problema y alcance del proyecto OCTOMATION,OC-18,10029,Tarea,Listo,OC,OCTOMATION,software,Santiago Ricardo Santander Vergara,712020:4cae68be-375c-4ca4-8979-1ff182cb8adf,,Medium,Listo,DIEGO LUIS QUIOZA GONZALEZ,712020:e0507d9d-17d9-4e54-a71a-4a5833e161fd,Santiago Ricardo Santander Vergara,712020:4cae68be-375c-4ca4-8979-1ff182cb8adf,Santiago Ricardo Santander Vergara,712020:4cae68be-375c-4ca4-8979-1ff182cb8adf,26/sep/26 12:33 PM,26/sep/26 12:50 PM,,26/sep/26 12:36 PM,,0,,,Santiago Ricardo Santander Vergara,,712020:4cae68be-375c-4ca4-8979-1ff182cb8adf,,,,,,,,,,0|i00067:,,,OC Sprint 1,,,,{},,Listo,26/sep/26 12:36 PM,,,
Creación del repositorio central en GitHub,OC-19,10030,Tarea,Listo,OC,OCTOMATION,software,Santiago Ricardo Santander Vergara,712020:4cae68be-375c-4ca4-8979-1ff182cb8adf,,Medium,Listo,Santiago Ricardo Santander Vergara,712020:4cae68be-375c-4ca4-8979-1ff182cb8adf,Santiago Ricardo Santander Vergara,712020:4cae68be-375c-4ca4-8979-1ff182cb8adf,Santiago Ricardo Santander Vergara,712020:4cae68be-375c-4ca4-8979-1ff182cb8adf,26/sep/26 12:33 PM,26/sep/26 12:50 PM,,26/sep/26 12:37 PM,,0,,,Santiago Ricardo Santander Vergara,,712020:4cae68be-375c-4ca4-8979-1ff182cb8adf,,,,,,,,,,0|i0006f:,,,OC Sprint 2,,,,{},,Listo,26/sep/26 12:37 PM,,,
Diseño de la arquitectura de microservicios,OC-20,10031,Tarea,Listo,OC,OCTOMATION,software,Santiago Ricardo Santander Vergara,712020:4cae68be-375c-4ca4-8979-1ff182cb8adf,,Medium,Listo,DIEGO LUIS QUIOZA GONZALEZ,712020:e0507d9d-17d9-4e54-a71a-4a5833e161fd,Santiago Ricardo Santander Vergara,712020:4cae68be-375c-4ca4-8979-1ff182cb8adf,Santiago Ricardo Santander Vergara,712020:4cae68be-375c-4ca4-8979-1ff182cb8adf,26/sep/26 12:33 PM,26/sep/26 12:50 PM,,26/sep/26 12:37 PM,,0,,,Santiago Ricardo Santander Vergara,,712020:4cae68be-375c-4ca4-8979-1ff182cb8adf,,,,,,,,,,0|i0006n:,,,OC Sprint 2,,,,{},,Listo,26/sep/26 12:37 PM,,,
EPIC-1: [Backend] Motor de Facturación y Suscripciones.,OC-21,10064,Epic,Por hacer,OC,OCTOMATION,software,Santiago Ricardo Santander Vergara,712020:4cae68be-375c-4ca4-8979-1ff182cb8adf,,Medium,,Santiago Ricardo Santander Vergara,712020:4cae68be-375c-4ca4-8979-1ff182cb8adf,Santiago Ricardo Santander Vergara,712020:4cae68be-375c-4ca4-8979-1ff182cb8adf,Santiago Ricardo Santander Vergara,712020:4cae68be-375c-4ca4-8979-1ff182cb8adf,28/sep/26 4:53 PM,30/sep/26 12:02 AM,,,12/oct/26 12:00 AM,0,,,Santiago Ricardo Santander Vergara,,712020:4cae68be-375c-4ca4-8979-1ff182cb8adf,,,,,,,,,,0|i0006v:,dark_orange,28/sep/26 12:00 AM,,,,,{},,Por hacer,28/sep/26 4:53 PM,,,
EPIC-2: [Backend] Sistema IAM,OC-22,10065,Epic,Por hacer,OC,OCTOMATION,software,Santiago Ricardo Santander Vergara,712020:4cae68be-375c-4ca4-8979-1ff182cb8adf,,Medium,,Denis Carcamo,712020:2601871d-2ee4-41d0-8851-3f562224f2e1,Santiago Ricardo Santander Vergara,712020:4cae68be-375c-4ca4-8979-1ff182cb8adf,Santiago Ricardo Santander Vergara,712020:4cae68be-375c-4ca4-8979-1ff182cb8adf,28/sep/26 4:53 PM,30/sep/26 12:01 AM,,,,0,,,Santiago Ricardo Santander Vergara,,712020:4cae68be-375c-4ca4-8979-1ff182cb8adf,,,,,,,,,,0|i00073:,green,,,,,,{},,Por hacer,28/sep/26 4:53 PM,,,
EPIC-3: [Backend] Gestión de Workspaces,OC-23,10066,Epic,Por hacer,OC,OCTOMATION,software,Santiago Ricardo Santander Vergara,712020:4cae68be-375c-4ca4-8979-1ff182cb8adf,,Medium,,DIEGO LUIS QUIOZA GONZALEZ,712020:e0507d9d-17d9-4e54-a71a-4a5833e161fd,Santiago Ricardo Santander Vergara,712020:4cae68be-375c-4ca4-8979-1ff182cb8adf,Santiago Ricardo Santander Vergara,712020:4cae68be-375c-4ca4-8979-1ff182cb8adf,28/sep/26 4:53 PM,30/sep/26 12:01 AM,,,,0,,,Santiago Ricardo Santander Vergara,,712020:4cae68be-375c-4ca4-8979-1ff182cb8adf,,,,,,,,,,0|i0007b:,teal,,,,,,{},,Por hacer,28/sep/26 4:53 PM,,,
EPIC-4: [Frontend] Dashboard y Frontend,OC-24,10067,Epic,Por hacer,OC,OCTOMATION,software,Santiago Ricardo Santander Vergara,712020:4cae68be-375c-4ca4-8979-1ff182cb8adf,,Medium,,Santiago Ricardo Santander Vergara,712020:4cae68be-375c-4ca4-8979-1ff182cb8adf,Santiago Ricardo Santander Vergara,712020:4cae68be-375c-4ca4-8979-1ff182cb8adf,Santiago Ricardo Santander Vergara,712020:4cae68be-375c-4ca4-8979-1ff182cb8adf,28/sep/26 4:53 PM,30/sep/26 12:02 AM,,,26/oct/26 12:00 AM,0,,,Santiago Ricardo Santander Vergara,,712020:4cae68be-375c-4ca4-8979-1ff182cb8adf,,,,,,,,,,0|i0007j:,purple,14/oct/26 12:00 AM,,,,,{},,Por hacer,28/sep/26 4:53 PM,,,
Crear estructura base del frontend,OC-39,10082,Tarea,En curso,OC,OCTOMATION,software,Santiago Ricardo Santander Vergara,712020:4cae68be-375c-4ca4-8979-1ff182cb8adf,,Medium,,Santiago Ricardo Santander Vergara,712020:4cae68be-375c-4ca4-8979-1ff182cb8adf,DIEGO LUIS QUIOZA GONZALEZ,712020:e0507d9d-17d9-4e54-a71a-4a5833e161fd,DIEGO LUIS QUIOZA GONZALEZ,712020:e0507d9d-17d9-4e54-a71a-4a5833e161fd,28/sep/26 10:03 PM,01/oct/26 5:13 PM,,,,0,,,DIEGO LUIS QUIOZA GONZALEZ,Santiago Ricardo Santander Vergara,712020:e0507d9d-17d9-4e54-a71a-4a5833e161fd,712020:4cae68be-375c-4ca4-8979-1ff182cb8adf,,,,,,,,,0|i0007v:,,,OC Sprint 4,3.0,,,{},"01/oct/26 4:59 PM;712020:4cae68be-375c-4ca4-8979-1ff182cb8adf;Estimación de 3 puntos. Configuración arquitectónica inicial del repositorio Next.js, instalación de Tailwind y armado del Layout principal responsivo (Navbar/Sidebar).",En curso,01/oct/26 5:13 PM,,,
HU-11: Asignación de Roles y Permisos,OC-55,10098,Historia,Por hacer,OC,OCTOMATION,software,Santiago Ricardo Santander Vergara,712020:4cae68be-375c-4ca4-8979-1ff182cb8adf,,Medium,,Denis Carcamo,712020:2601871d-2ee4-41d0-8851-3f562224f2e1,Denis Carcamo,712020:2601871d-2ee4-41d0-8851-3f562224f2e1,Denis Carcamo,712020:2601871d-2ee4-41d0-8851-3f562224f2e1,29/sep/26 3:27 PM,01/oct/26 5:05 PM,29/sep/26 3:28 PM,,,0,,,Denis Carcamo,Santiago Ricardo Santander Vergara,712020:2601871d-2ee4-41d0-8851-3f562224f2e1,712020:4cae68be-375c-4ca4-8979-1ff182cb8adf,,,,,,,,,0|i00081:,,,OC Sprint 4,8.0,,,{},"01/oct/26 3:12 PM;712020:4cae68be-375c-4ca4-8979-1ff182cb8adf;Estimación de 8 puntos. Alta complejidad técnica (RBAC). Requiere implementar Guards personalizados en NestJS y middleware en Next.js para interceptar rutas según si el usuario es SuperAdmin, Tenant o Empleado.",Por hacer,29/sep/26 3:27 PM,10065,OC-22,EPIC-2: [Backend] Sistema IAM
HU-4: Registro de nuevo usuario (Sign Up),OC-28,10071,Historia,Por hacer,OC,OCTOMATION,software,Santiago Ricardo Santander Vergara,712020:4cae68be-375c-4ca4-8979-1ff182cb8adf,,Medium,,Denis Carcamo,712020:2601871d-2ee4-41d0-8851-3f562224f2e1,Santiago Ricardo Santander Vergara,712020:4cae68be-375c-4ca4-8979-1ff182cb8adf,Santiago Ricardo Santander Vergara,712020:4cae68be-375c-4ca4-8979-1ff182cb8adf,28/sep/26 5:05 PM,01/oct/26 3:02 PM,,,,0,"* *Historia:* Como visitante, quiero poder registrarme en la plataforma creando una cuenta nueva para empezar a utilizar el sistema. 



* *Criterios de Aceptación:*
*# El sistema debe solicitar Nombre, Correo y Contraseña.
*# La contraseña debe encriptarse en la base de datos antes de guardarse.
*# El sistema debe validar que el correo no esté registrado previamente.",,Santiago Ricardo Santander Vergara,,712020:4cae68be-375c-4ca4-8979-1ff182cb8adf,,,,,,,,,,0|i00087:,,,OC Sprint 4,3.0,,,{},01/oct/26 3:02 PM;712020:4cae68be-375c-4ca4-8979-1ff182cb8adf;Estimación de 3 puntos. Maquetación del formulario frontend en Next.js con validación de campos cliente/servidor y conexión al endpoint de creación en NestJS. Complejidad estándar.,Por hacer,28/sep/26 5:05 PM,10065,OC-22,EPIC-2: [Backend] Sistema IAM
HU-3: Iniciar sesión en la plataforma,OC-26,10069,Historia,Por hacer,OC,OCTOMATION,software,Santiago Ricardo Santander Vergara,712020:4cae68be-375c-4ca4-8979-1ff182cb8adf,,Medium,,Denis Carcamo,712020:2601871d-2ee4-41d0-8851-3f562224f2e1,Santiago Ricardo Santander Vergara,712020:4cae68be-375c-4ca4-8979-1ff182cb8adf,Santiago Ricardo Santander Vergara,712020:4cae68be-375c-4ca4-8979-1ff182cb8adf,28/sep/26 5:01 PM,01/oct/26 3:03 PM,,,,0,"* *Historia:* Como Usuario, quiero iniciar sesión con mi correo y contraseña para acceder de forma segura a mi espacio de trabajo.



*  *Criterios de Aceptación:*
*# El formulario debe validar que el correo tenga un formato válido.
*# Si las credenciales son correctas, el ms IAM debe retornar un token JWT.
*# Si la contraseña es incorrecta, debe mostrar el mensaje ""Credenciales inválidas"" sin especificar cuál falló (por seguridad).",,Santiago Ricardo Santander Vergara,,712020:4cae68be-375c-4ca4-8979-1ff182cb8adf,,,,,,,,,,0|i0008b:,,,OC Sprint 4,5.0,,,{},"01/oct/26 3:03 PM;712020:4cae68be-375c-4ca4-8979-1ff182cb8adf;Estimación de 5 puntos. Implica manejar el estado global de autenticación en Next.js, almacenar el token JWT de forma segura y gestionar las redirecciones de rutas protegidas.",Por hacer,28/sep/26 5:01 PM,10065,OC-22,EPIC-2: [Backend] Sistema IAM
HU-5: Crear un nuevo Workspace,OC-29,10072,Historia,En curso,OC,OCTOMATION,software,Santiago Ricardo Santander Vergara,712020:4cae68be-375c-4ca4-8979-1ff182cb8adf,,Medium,,DIEGO LUIS QUIOZA GONZALEZ,712020:e0507d9d-17d9-4e54-a71a-4a5833e161fd,Santiago Ricardo Santander Vergara,712020:4cae68be-375c-4ca4-8979-1ff182cb8adf,Santiago Ricardo Santander Vergara,712020:4cae68be-375c-4ca4-8979-1ff182cb8adf,28/sep/26 5:06 PM,01/oct/26 3:04 PM,,,02/oct/26 12:00 AM,0,"* *Historia:* Como Usuario Registrado, quiero crear un Workspace con el nombre de mi empresa para tener un entorno de trabajo aislado. 



* *Criterios de Aceptación:*
*# El sistema debe pedir el nombre de la empresa/workspace.
*# El microservicio debe generar un UUID único para este workspace.
*# El usuario que lo crea debe quedar asignado automáticamente como ""SuperAdmin"" de ese workspace.",,Santiago Ricardo Santander Vergara,,712020:4cae68be-375c-4ca4-8979-1ff182cb8adf,,,,,,,,,,0|i0008f:,,,OC Sprint 4,3.0,,,{},01/oct/26 3:04 PM;712020:4cae68be-375c-4ca4-8979-1ff182cb8adf;Estimación de 3 puntos. Componente visual simple. El esfuerzo recae en asegurar que el UUID del nuevo workspace se guarde e inyecte correctamente en el contexto del usuario activo.,En curso,30/sep/26 12:05 AM,10066,OC-23,EPIC-3: [Backend] Gestión de Workspaces
HU-6: Invitar miembros al Workspace,OC-30,10073,Historia,En curso,OC,OCTOMATION,software,Santiago Ricardo Santander Vergara,712020:4cae68be-375c-4ca4-8979-1ff182cb8adf,,Medium,,DIEGO LUIS QUIOZA GONZALEZ,712020:e0507d9d-17d9-4e54-a71a-4a5833e161fd,Santiago Ricardo Santander Vergara,712020:4cae68be-375c-4ca4-8979-1ff182cb8adf,Santiago Ricardo Santander Vergara,712020:4cae68be-375c-4ca4-8979-1ff182cb8adf,28/sep/26 5:07 PM,01/oct/26 5:06 PM,,,,0,"* *Historia:* Como Administrador de Workspace, quiero enviar invitaciones por correo a mis empleados para que se unan a mi entorno de trabajo. 



* *Criterios de Aceptación:*
*# Debe existir un formulario para ingresar el correo del invitado.
*# El sistema debe generar un enlace de invitación único ligado al UUID del workspace.
*# Al aceptar, el usuario invitado debe quedar asociado a ese workspace específico.",,Santiago Ricardo Santander Vergara,,712020:4cae68be-375c-4ca4-8979-1ff182cb8adf,,,,,,,,,,0|i0008l:,,,OC Sprint 4,8.0,,,{},"01/oct/26 3:11 PM;712020:4cae68be-375c-4ca4-8979-1ff182cb8adf;Estimación de 8 puntos. Tarea compleja. Requiere generar tokens de invitación criptográficos únicos, integrarse con servicio de correos (Nodemailer/SendGrid) y validar la vigencia del enlace en el frontend.",En curso,30/sep/26 12:05 AM,10066,OC-23,EPIC-3: [Backend] Gestión de Workspaces
HU-1: Ver estado de suscripción,OC-25,10068,Historia,Por hacer,OC,OCTOMATION,software,Santiago Ricardo Santander Vergara,712020:4cae68be-375c-4ca4-8979-1ff182cb8adf,,Medium,,Santiago Ricardo Santander Vergara,712020:4cae68be-375c-4ca4-8979-1ff182cb8adf,Santiago Ricardo Santander Vergara,712020:4cae68be-375c-4ca4-8979-1ff182cb8adf,Santiago Ricardo Santander Vergara,712020:4cae68be-375c-4ca4-8979-1ff182cb8adf,28/sep/26 4:54 PM,01/oct/26 5:13 PM,,,,0,"* *Historia:* Como Administrador de Workspace, quiero ver los detalles de mi plan de suscripción actual para saber qué servicios tengo activos y cuándo es mi próximo cobro. 



* *Criterios de Aceptación:*
*# El sistema debe mostrar el nombre del plan activo (Ej: Básico, Pro).
*# Debe mostrar la fecha del próximo cobro formateada correctamente.
*# Si el plan está inactivo o vencido, debe mostrar una alerta visual en rojo.",,Santiago Ricardo Santander Vergara,,712020:4cae68be-375c-4ca4-8979-1ff182cb8adf,,,,,,,,,,0|i0008r:,,,OC Sprint 4,2.0,,,{},01/oct/26 3:07 PM;712020:4cae68be-375c-4ca4-8979-1ff182cb8adf;Estimación de 2 puntos. Lectura simple (GET). Componente de UI que consume el endpoint de Billing y renderiza condicionalmente alertas visuales según el estado activo/inactivo.,Por hacer,01/oct/26 5:13 PM,10064,OC-21,EPIC-1: [Backend] Motor de Facturación y Suscripciones.
Diseñar arquitectura de plugins,OC-35,10078,Tarea,Listo,OC,OCTOMATION,software,Santiago Ricardo Santander Vergara,712020:4cae68be-375c-4ca4-8979-1ff182cb8adf,,Medium,Listo,DIEGO LUIS QUIOZA GONZALEZ,712020:e0507d9d-17d9-4e54-a71a-4a5833e161fd,DIEGO LUIS QUIOZA GONZALEZ,712020:e0507d9d-17d9-4e54-a71a-4a5833e161fd,DIEGO LUIS QUIOZA GONZALEZ,712020:e0507d9d-17d9-4e54-a71a-4a5833e161fd,28/sep/26 10:02 PM,29/sep/26 11:50 PM,,29/sep/26 11:50 PM,,0,,,DIEGO LUIS QUIOZA GONZALEZ,,712020:e0507d9d-17d9-4e54-a71a-4a5833e161fd,,,,,,,,,,0|i0009j:,,,,,,,{},,Listo,29/sep/26 11:50 PM,10096,OC-53,EPIC-5: [Backend] Plataforma de Automatizaciones
Crear modelo interno de la plataforma,OC-36,10079,Tarea,Listo,OC,OCTOMATION,software,Santiago Ricardo Santander Vergara,712020:4cae68be-375c-4ca4-8979-1ff182cb8adf,,Medium,Listo,DIEGO LUIS QUIOZA GONZALEZ,712020:e0507d9d-17d9-4e54-a71a-4a5833e161fd,DIEGO LUIS QUIOZA GONZALEZ,712020:e0507d9d-17d9-4e54-a71a-4a5833e161fd,DIEGO LUIS QUIOZA GONZALEZ,712020:e0507d9d-17d9-4e54-a71a-4a5833e161fd,28/sep/26 10:02 PM,29/sep/26 11:50 PM,,29/sep/26 11:50 PM,,0,,,DIEGO LUIS QUIOZA GONZALEZ,,712020:e0507d9d-17d9-4e54-a71a-4a5833e161fd,,,,,,,,,,0|i0009r:,,,,,,,{},,Listo,29/sep/26 11:50 PM,10096,OC-53,EPIC-5: [Backend] Plataforma de Automatizaciones
Crear plantilla de plugins,OC-37,10080,Tarea,Listo,OC,OCTOMATION,software,Santiago Ricardo Santander Vergara,712020:4cae68be-375c-4ca4-8979-1ff182cb8adf,,Medium,Listo,DIEGO LUIS QUIOZA GONZALEZ,712020:e0507d9d-17d9-4e54-a71a-4a5833e161fd,DIEGO LUIS QUIOZA GONZALEZ,712020:e0507d9d-17d9-4e54-a71a-4a5833e161fd,DIEGO LUIS QUIOZA GONZALEZ,712020:e0507d9d-17d9-4e54-a71a-4a5833e161fd,28/sep/26 10:03 PM,29/sep/26 11:50 PM,,29/sep/26 11:50 PM,,0,,,DIEGO LUIS QUIOZA GONZALEZ,,712020:e0507d9d-17d9-4e54-a71a-4a5833e161fd,,,,,,,,,,0|i0009z:,,,,,,,{},,Listo,29/sep/26 11:50 PM,10096,OC-53,EPIC-5: [Backend] Plataforma de Automatizaciones
Crear plantilla de procesos en segundo plano,OC-38,10081,Tarea,Listo,OC,OCTOMATION,software,Santiago Ricardo Santander Vergara,712020:4cae68be-375c-4ca4-8979-1ff182cb8adf,,Medium,Listo,DIEGO LUIS QUIOZA GONZALEZ,712020:e0507d9d-17d9-4e54-a71a-4a5833e161fd,DIEGO LUIS QUIOZA GONZALEZ,712020:e0507d9d-17d9-4e54-a71a-4a5833e161fd,DIEGO LUIS QUIOZA GONZALEZ,712020:e0507d9d-17d9-4e54-a71a-4a5833e161fd,28/sep/26 10:03 PM,29/sep/26 11:50 PM,,29/sep/26 11:50 PM,,0,,,DIEGO LUIS QUIOZA GONZALEZ,,712020:e0507d9d-17d9-4e54-a71a-4a5833e161fd,,,,,,,,,,0|i000a7:,,,,,,,{},,Listo,29/sep/26 11:50 PM,10096,OC-53,EPIC-5: [Backend] Plataforma de Automatizaciones
HU-7: Visualizar Dashboard Principal,OC-31,10074,Historia,Por hacer,OC,OCTOMATION,software,Santiago Ricardo Santander Vergara,712020:4cae68be-375c-4ca4-8979-1ff182cb8adf,,Medium,,Santiago Ricardo Santander Vergara,712020:4cae68be-375c-4ca4-8979-1ff182cb8adf,Santiago Ricardo Santander Vergara,712020:4cae68be-375c-4ca4-8979-1ff182cb8adf,Santiago Ricardo Santander Vergara,712020:4cae68be-375c-4ca4-8979-1ff182cb8adf,28/sep/26 5:08 PM,01/oct/26 5:06 PM,28/sep/26 9:52 PM,,,0,"* *Historia:* Como Usuario, quiero ver un panel de control al iniciar sesión para tener un resumen rápido de mi estado y accesos directos.



*  *Criterios de Aceptación:*
*# El dashboard debe ser responsive (adaptable a celulares y PC).
*# Debe mostrar un mensaje de bienvenida con el nombre del usuario (consumiendo el ms IAM).
*# Debe mostrar el estado actual de la suscripción (consumiendo el ms Billing).",,Santiago Ricardo Santander Vergara,,712020:4cae68be-375c-4ca4-8979-1ff182cb8adf,,,,,,,,,,0|i000a8:,,,OC Sprint 5,5.0,,,{},"01/oct/26 4:58 PM;712020:4cae68be-375c-4ca4-8979-1ff182cb8adf;Estimación de 5 puntos. Vista orquestadora. Requiere peticiones asíncronas concurrentes a múltiples microservicios (IAM, Billing) para poblar los widgets iniciales de resumen.",Por hacer,28/sep/26 5:08 PM,10067,OC-24,EPIC-4: [Frontend] Dashboard y Frontend
Integrar frontend y backend,OC-48,10091,Historia,Por hacer,OC,OCTOMATION,software,Santiago Ricardo Santander Vergara,712020:4cae68be-375c-4ca4-8979-1ff182cb8adf,,Medium,,,,DIEGO LUIS QUIOZA GONZALEZ,712020:e0507d9d-17d9-4e54-a71a-4a5833e161fd,DIEGO LUIS QUIOZA GONZALEZ,712020:e0507d9d-17d9-4e54-a71a-4a5833e161fd,28/sep/26 10:05 PM,01/oct/26 5:06 PM,,,,0,,,DIEGO LUIS QUIOZA GONZALEZ,Santiago Ricardo Santander Vergara,712020:e0507d9d-17d9-4e54-a71a-4a5833e161fd,712020:4cae68be-375c-4ca4-8979-1ff182cb8adf,,,,,,,,,0|i000a9:,,,OC Sprint 5,5.0,,,{},"01/oct/26 4:58 PM;712020:4cae68be-375c-4ca4-8979-1ff182cb8adf;Estimación de 5 puntos. Esfuerzo enfocado en configuración de variables de entorno (ENVs), resolución cruzada de CORS e instanciación de interceptores HTTP (Axios/Fetch).",Por hacer,28/sep/26 10:05 PM,,,
Implementar gestión de Workspaces en frontend,OC-42,10085,Historia,Por hacer,OC,OCTOMATION,software,Santiago Ricardo Santander Vergara,712020:4cae68be-375c-4ca4-8979-1ff182cb8adf,,Medium,,,,DIEGO LUIS QUIOZA GONZALEZ,712020:e0507d9d-17d9-4e54-a71a-4a5833e161fd,DIEGO LUIS QUIOZA GONZALEZ,712020:e0507d9d-17d9-4e54-a71a-4a5833e161fd,28/sep/26 10:04 PM,01/oct/26 5:06 PM,,,,0,,,DIEGO LUIS QUIOZA GONZALEZ,Santiago Ricardo Santander Vergara,712020:e0507d9d-17d9-4e54-a71a-4a5833e161fd,712020:4cae68be-375c-4ca4-8979-1ff182cb8adf,,,,,,,,,0|i000a9:i,,,OC Sprint 5,5.0,,,{},01/oct/26 4:56 PM;712020:4cae68be-375c-4ca4-8979-1ff182cb8adf;Estimación de 5 puntos. Requiere integrarse con el contexto global de autenticación para asegurar que solo el administrador del Tenant modifique las variables de su entorno,Por hacer,28/sep/26 10:04 PM,,,
Implementar gestión de tenants en frontend,OC-40,10083,Historia,Por hacer,OC,OCTOMATION,software,Santiago Ricardo Santander Vergara,712020:4cae68be-375c-4ca4-8979-1ff182cb8adf,,Medium,,,,DIEGO LUIS QUIOZA GONZALEZ,712020:e0507d9d-17d9-4e54-a71a-4a5833e161fd,DIEGO LUIS QUIOZA GONZALEZ,712020:e0507d9d-17d9-4e54-a71a-4a5833e161fd,28/sep/26 10:04 PM,01/oct/26 5:06 PM,,,,0,,,DIEGO LUIS QUIOZA GONZALEZ,Santiago Ricardo Santander Vergara,712020:e0507d9d-17d9-4e54-a71a-4a5833e161fd,712020:4cae68be-375c-4ca4-8979-1ff182cb8adf,,,,,,,,,0|i000a9:r,,,OC Sprint 5,5.0,,,{},01/oct/26 4:57 PM;712020:4cae68be-375c-4ca4-8979-1ff182cb8adf;Estimación de 5 puntos. Maquetación del panel administrativo para Tenants. Incluye tablas de datos complejas y formularios modales con manejo de estado local.,Por hacer,28/sep/26 10:04 PM,,,
Implementar gestión de usuarios en frontend,OC-41,10084,Historia,Por hacer,OC,OCTOMATION,software,Santiago Ricardo Santander Vergara,712020:4cae68be-375c-4ca4-8979-1ff182cb8adf,,Medium,,,,DIEGO LUIS QUIOZA GONZALEZ,712020:e0507d9d-17d9-4e54-a71a-4a5833e161fd,DIEGO LUIS QUIOZA GONZALEZ,712020:e0507d9d-17d9-4e54-a71a-4a5833e161fd,28/sep/26 10:04 PM,01/oct/26 5:06 PM,,,,0,,,DIEGO LUIS QUIOZA GONZALEZ,Santiago Ricardo Santander Vergara,712020:e0507d9d-17d9-4e54-a71a-4a5833e161fd,712020:4cae68be-375c-4ca4-8979-1ff182cb8adf,,,,,,,,,0|i000a9:v,,,OC Sprint 5,5.0,,,{},"01/oct/26 4:56 PM;712020:4cae68be-375c-4ca4-8979-1ff182cb8adf;Estimación de 5 puntos. Implementación de un CRUD visual completo con filtros, paginación y renderizado de componentes para la tabla de usuarios.",Por hacer,28/sep/26 10:04 PM,,,
HU-2: Cambiar plan de suscripción,OC-27,10070,Historia,Por hacer,OC,OCTOMATION,software,Santiago Ricardo Santander Vergara,712020:4cae68be-375c-4ca4-8979-1ff182cb8adf,,Medium,,Santiago Ricardo Santander Vergara,712020:4cae68be-375c-4ca4-8979-1ff182cb8adf,Santiago Ricardo Santander Vergara,712020:4cae68be-375c-4ca4-8979-1ff182cb8adf,Santiago Ricardo Santander Vergara,712020:4cae68be-375c-4ca4-8979-1ff182cb8adf,28/sep/26 5:03 PM,01/oct/26 5:06 PM,,,,0,"* *Historia:* Como Administrador de Workspace, quiero poder cambiar mi plan de suscripción (Upgrade/Downgrade) para adaptar el sistema a las necesidades de mi empresa.



*  *Criterios de Aceptación:*
*# El sistema debe listar los planes disponibles con sus precios.
*# Al seleccionar un nuevo plan, el microservicio de Billing debe actualizar el UUID del plan asociado al Workspace.
*# El cambio debe registrarse con fecha y hora UTC.",,Santiago Ricardo Santander Vergara,,712020:4cae68be-375c-4ca4-8979-1ff182cb8adf,,,,,,,,,,0|i000a9:x,,,OC Sprint 5,5.0,,,{},"01/oct/26 3:05 PM;712020:4cae68be-375c-4ca4-8979-1ff182cb8adf;Estimación de 5 puntos. Requiere construir la UI de _pricing cards_, manejar el evento de upgrade/downgrade y sincronizar la actualización transaccional del UUID del plan con el microservicio de Billing.",Por hacer,28/sep/26 5:03 PM,10064,OC-21,EPIC-1: [Backend] Motor de Facturación y Suscripciones.
Implementar gestión de grupos de trabajo,OC-34,10077,Historia,Por hacer,OC,OCTOMATION,software,Santiago Ricardo Santander Vergara,712020:4cae68be-375c-4ca4-8979-1ff182cb8adf,,Medium,,Denis Carcamo,712020:2601871d-2ee4-41d0-8851-3f562224f2e1,DIEGO LUIS QUIOZA GONZALEZ,712020:e0507d9d-17d9-4e54-a71a-4a5833e161fd,DIEGO LUIS QUIOZA GONZALEZ,712020:e0507d9d-17d9-4e54-a71a-4a5833e161fd,28/sep/26 10:02 PM,01/oct/26 5:04 PM,,,,0,,,DIEGO LUIS QUIOZA GONZALEZ,Santiago Ricardo Santander Vergara,712020:e0507d9d-17d9-4e54-a71a-4a5833e161fd,712020:4cae68be-375c-4ca4-8979-1ff182cb8adf,,,,,,,,,0|i000aa:,,,OC Sprint 5,5.0,,,{},01/oct/26 3:10 PM;712020:4cae68be-375c-4ca4-8979-1ff182cb8adf;Estimación de 5 puntos. Complejidad media a nivel de base de datos. Implica crear relaciones muchos-a-muchos (N:M) en el esquema de Prisma y lógica para asociar/desvincular usuarios.,Por hacer,28/sep/26 10:02 PM,10065,OC-22,EPIC-2: [Backend] Sistema IAM
HU-8: Consulta y Listado de Usuarios,OC-32,10075,Historia,Por hacer,OC,OCTOMATION,software,Santiago Ricardo Santander Vergara,712020:4cae68be-375c-4ca4-8979-1ff182cb8adf,,Medium,,,,Denis Carcamo,712020:2601871d-2ee4-41d0-8851-3f562224f2e1,Denis Carcamo,712020:2601871d-2ee4-41d0-8851-3f562224f2e1,28/sep/26 9:45 PM,01/oct/26 5:04 PM,28/sep/26 9:59 PM,,,0,"* *Historia:* Como Administrador del sistema, quiero consultar la lista de usuarios registrados para revisar las cuentas activas.
* *Criterios de Aceptación:*

a. La consulta debe obtener una lista de usuarios mostrando solamente el id,email y el nombre completo (fullname) ademas de la fecha de creación del usuario.

b. Que cuando se obtenga la lista de usuarios no se vea las contraseñas.",,Denis Carcamo,Santiago Ricardo Santander Vergara,712020:2601871d-2ee4-41d0-8851-3f562224f2e1,712020:4cae68be-375c-4ca4-8979-1ff182cb8adf,,,,,,,,,0|i000ad:,,,OC Sprint 5,3.0,,,{},01/oct/26 3:07 PM;712020:4cae68be-375c-4ca4-8979-1ff182cb8adf;Estimación de 3 puntos. Creación de endpoint GET en NestJS y maquetación de una tabla de datos (DataGrid) en Next.js con filtros básicos.,Por hacer,28/sep/26 9:45 PM,10096,OC-53,EPIC-5: [Backend] Plataforma de Automatizaciones
HU-09: Actualización de Perfil,OC-33,10076,Historia,Por hacer,OC,OCTOMATION,software,Santiago Ricardo Santander Vergara,712020:4cae68be-375c-4ca4-8979-1ff182cb8adf,,Medium,,,,Denis Carcamo,712020:2601871d-2ee4-41d0-8851-3f562224f2e1,Denis Carcamo,712020:2601871d-2ee4-41d0-8851-3f562224f2e1,28/sep/26 9:58 PM,01/oct/26 5:07 PM,28/sep/26 10:00 PM,,,0,"* *Historia:* Como Administrador, quiero poder actualizar los datos de un usuario como el nombre, contraseña o el correo.
* *Criterios de Aceptación:*

a. Que si deseo actualizar el nombre me permita modificar uno o varios campos de manera opcional.

b. Al actualizar los datos ya sea contraseña o correo no permita duplicidad.

c. Si se llegase a actualizar algún campo se renueve la fecha y hora del cambio",,Denis Carcamo,Santiago Ricardo Santander Vergara,712020:2601871d-2ee4-41d0-8851-3f562224f2e1,712020:4cae68be-375c-4ca4-8979-1ff182cb8adf,,,,,,,,,0|i000ae:,,,OC Sprint 5,3.0,,,{},01/oct/26 4:57 PM;712020:4cae68be-375c-4ca4-8979-1ff182cb8adf;Estimación de 3 puntos. Formulario estándar en React consumiendo un método PATCH. Validación simple de datos de usuario.,Por hacer,28/sep/26 9:58 PM,,,
HU-10: Deshabilitar Usuarios,OC-52,10095,Historia,Por hacer,OC,OCTOMATION,software,Santiago Ricardo Santander Vergara,712020:4cae68be-375c-4ca4-8979-1ff182cb8adf,,Medium,,Denis Carcamo,712020:2601871d-2ee4-41d0-8851-3f562224f2e1,Denis Carcamo,712020:2601871d-2ee4-41d0-8851-3f562224f2e1,Denis Carcamo,712020:2601871d-2ee4-41d0-8851-3f562224f2e1,28/sep/26 10:08 PM,01/oct/26 5:04 PM,29/sep/26 3:13 PM,,,0,"* *Historia: Como administrador, me gustaría dar de baja un usuario según su ID y/o activarlo también* 
* *Criterios de Aceptación:*

a. Al deshabilitar un usuario debe estar como estado deshabilitado

b. Al intentar hacer una activadad entre otra",,Denis Carcamo,Santiago Ricardo Santander Vergara,712020:2601871d-2ee4-41d0-8851-3f562224f2e1,712020:4cae68be-375c-4ca4-8979-1ff182cb8adf,,,,,,,,,0|i000ag:,,,OC Sprint 5,2.0,,,{},01/oct/26 3:11 PM;712020:4cae68be-375c-4ca4-8979-1ff182cb8adf;Estimación de 2 puntos. Implementación rápida de un 'Soft Delete' actualizando el campo {{isActive: false}} a través de Prisma. Riesgo mínimo.,Por hacer,28/sep/26 10:08 PM,10065,OC-22,EPIC-2: [Backend] Sistema IAM
Integrar plataforma de automatizaciones,OC-49,10092,Historia,Por hacer,OC,OCTOMATION,software,Santiago Ricardo Santander Vergara,712020:4cae68be-375c-4ca4-8979-1ff182cb8adf,,Medium,,DIEGO LUIS QUIOZA GONZALEZ,712020:e0507d9d-17d9-4e54-a71a-4a5833e161fd,DIEGO LUIS QUIOZA GONZALEZ,712020:e0507d9d-17d9-4e54-a71a-4a5833e161fd,DIEGO LUIS QUIOZA GONZALEZ,712020:e0507d9d-17d9-4e54-a71a-4a5833e161fd,28/sep/26 10:05 PM,01/oct/26 5:07 PM,,,,0,,,DIEGO LUIS QUIOZA GONZALEZ,Santiago Ricardo Santander Vergara,712020:e0507d9d-17d9-4e54-a71a-4a5833e161fd,712020:4cae68be-375c-4ca4-8979-1ff182cb8adf,,,,,,,,,0|i000av:,,,OC Sprint 6,8.0,,,{},01/oct/26 4:59 PM;712020:4cae68be-375c-4ca4-8979-1ff182cb8adf;Estimación de 8 puntos. Módulo core de alto esfuerzo y riesgo técnico. Requiere maquetar la lógica de flujos del sistema de automatización y sincronizar los estados complejos con NestJS.,Por hacer,28/sep/26 10:05 PM,10096,OC-53,EPIC-5: [Backend] Plataforma de Automatizaciones
Implementar pruebas de APIs,OC-46,10089,Tarea,Por hacer,OC,OCTOMATION,software,Santiago Ricardo Santander Vergara,712020:4cae68be-375c-4ca4-8979-1ff182cb8adf,,Medium,,,,DIEGO LUIS QUIOZA GONZALEZ,712020:e0507d9d-17d9-4e54-a71a-4a5833e161fd,DIEGO LUIS QUIOZA GONZALEZ,712020:e0507d9d-17d9-4e54-a71a-4a5833e161fd,28/sep/26 10:04 PM,01/oct/26 5:07 PM,,,,0,,,DIEGO LUIS QUIOZA GONZALEZ,Santiago Ricardo Santander Vergara,712020:e0507d9d-17d9-4e54-a71a-4a5833e161fd,712020:4cae68be-375c-4ca4-8979-1ff182cb8adf,,,,,,,,,0|i000b3:,,,OC Sprint 6,5.0,,,{},"01/oct/26 5:01 PM;712020:4cae68be-375c-4ca4-8979-1ff182cb8adf;Estimación de 5 puntos. Cobertura de código. Redacción de tests de integración con Jest/Supertest para validar la seguridad y respuestas de los endpoints críticos.""",Por hacer,28/sep/26 10:04 PM,,,
Realizar pruebas de integración,OC-47,10090,Tarea,Por hacer,OC,OCTOMATION,software,Santiago Ricardo Santander Vergara,712020:4cae68be-375c-4ca4-8979-1ff182cb8adf,,Medium,,,,DIEGO LUIS QUIOZA GONZALEZ,712020:e0507d9d-17d9-4e54-a71a-4a5833e161fd,DIEGO LUIS QUIOZA GONZALEZ,712020:e0507d9d-17d9-4e54-a71a-4a5833e161fd,28/sep/26 10:04 PM,01/oct/26 5:07 PM,,,,0,,,DIEGO LUIS QUIOZA GONZALEZ,Santiago Ricardo Santander Vergara,712020:e0507d9d-17d9-4e54-a71a-4a5833e161fd,712020:4cae68be-375c-4ca4-8979-1ff182cb8adf,,,,,,,,,0|i000b7:,,,OC Sprint 6,5.0,,,{},01/oct/26 5:01 PM;712020:4cae68be-375c-4ca4-8979-1ff182cb8adf;Estimación de 5 puntos. Validación de flujos _End-to-End_ simulando peticiones complejas desde el frontend hacia el backend para asegurar la integridad transaccional.,Por hacer,28/sep/26 10:04 PM,,,
Dockerizar microservicios,OC-43,10086,Tarea,Por hacer,OC,OCTOMATION,software,Santiago Ricardo Santander Vergara,712020:4cae68be-375c-4ca4-8979-1ff182cb8adf,,Medium,,,,DIEGO LUIS QUIOZA GONZALEZ,712020:e0507d9d-17d9-4e54-a71a-4a5833e161fd,DIEGO LUIS QUIOZA GONZALEZ,712020:e0507d9d-17d9-4e54-a71a-4a5833e161fd,28/sep/26 10:04 PM,01/oct/26 5:00 PM,,,,0,,,DIEGO LUIS QUIOZA GONZALEZ,Santiago Ricardo Santander Vergara,712020:e0507d9d-17d9-4e54-a71a-4a5833e161fd,712020:4cae68be-375c-4ca4-8979-1ff182cb8adf,,,,,,,,,0|i000bb:,,,OC Sprint 6,3.0,,,{},01/oct/26 5:00 PM;712020:4cae68be-375c-4ca4-8979-1ff182cb8adf;Estimación de 3 puntos. Redacción de Dockerfiles para NestJS y orquestación con {{docker-compose.yml}} para enlazar las redes internas con la base de datos PostgreSQL.,Por hacer,28/sep/26 10:04 PM,,,
Dockerizar frontend,OC-44,10087,Tarea,Por hacer,OC,OCTOMATION,software,Santiago Ricardo Santander Vergara,712020:4cae68be-375c-4ca4-8979-1ff182cb8adf,,Medium,,,,DIEGO LUIS QUIOZA GONZALEZ,712020:e0507d9d-17d9-4e54-a71a-4a5833e161fd,DIEGO LUIS QUIOZA GONZALEZ,712020:e0507d9d-17d9-4e54-a71a-4a5833e161fd,28/sep/26 10:04 PM,01/oct/26 5:07 PM,,,,0,,,DIEGO LUIS QUIOZA GONZALEZ,Santiago Ricardo Santander Vergara,712020:e0507d9d-17d9-4e54-a71a-4a5833e161fd,712020:4cae68be-375c-4ca4-8979-1ff182cb8adf,,,,,,,,,0|i000bd:,,,OC Sprint 6,2.0,,,{},01/oct/26 5:01 PM;712020:4cae68be-375c-4ca4-8979-1ff182cb8adf;Estimación de 2 puntos. Creación de Dockerfile optimizado (_multi-stage build_) para preparar Next.js en entorno de producción.,Por hacer,28/sep/26 10:04 PM,,,
Crear pipeline CI/CD,OC-45,10088,Tarea,Por hacer,OC,OCTOMATION,software,Santiago Ricardo Santander Vergara,712020:4cae68be-375c-4ca4-8979-1ff182cb8adf,,Medium,,,,DIEGO LUIS QUIOZA GONZALEZ,712020:e0507d9d-17d9-4e54-a71a-4a5833e161fd,DIEGO LUIS QUIOZA GONZALEZ,712020:e0507d9d-17d9-4e54-a71a-4a5833e161fd,28/sep/26 10:04 PM,01/oct/26 5:00 PM,,,,0,,,DIEGO LUIS QUIOZA GONZALEZ,Santiago Ricardo Santander Vergara,712020:e0507d9d-17d9-4e54-a71a-4a5833e161fd,712020:4cae68be-375c-4ca4-8979-1ff182cb8adf,,,,,,,,,0|i000bf:,,,OC Sprint 6,5.0,,,{},"01/oct/26 5:00 PM;712020:4cae68be-375c-4ca4-8979-1ff182cb8adf;Estimación de 5 puntos. Configuración estricta de GitHub Actions para linteo, ejecución de pruebas automatizadas y construcción de imágenes en el flujo de integración continua.",Por hacer,28/sep/26 10:04 PM,,,
Documentar arquitectura y despliegue,OC-50,10093,Tarea,Por hacer,OC,OCTOMATION,software,Santiago Ricardo Santander Vergara,712020:4cae68be-375c-4ca4-8979-1ff182cb8adf,,Medium,,,,DIEGO LUIS QUIOZA GONZALEZ,712020:e0507d9d-17d9-4e54-a71a-4a5833e161fd,DIEGO LUIS QUIOZA GONZALEZ,712020:e0507d9d-17d9-4e54-a71a-4a5833e161fd,28/sep/26 10:05 PM,01/oct/26 5:02 PM,,,,0,,,DIEGO LUIS QUIOZA GONZALEZ,Santiago Ricardo Santander Vergara,712020:e0507d9d-17d9-4e54-a71a-4a5833e161fd,712020:4cae68be-375c-4ca4-8979-1ff182cb8adf,,,,,,,,,0|i000cv:,,,OC Sprint 6,3.0,,,{},"01/oct/26 5:02 PM;712020:4cae68be-375c-4ca4-8979-1ff182cb8adf;Estimación de 3 puntos. Consolidación del repositorio. Creación de diagramas de infraestructura, documentación de variables de entorno y manual final en el README.",Por hacer,28/sep/26 10:05 PM,,,
EPIC-5: [Backend] Plataforma de Automatizaciones,OC-53,10096,Epic,Por hacer,OC,OCTOMATION,software,Santiago Ricardo Santander Vergara,712020:4cae68be-375c-4ca4-8979-1ff182cb8adf,,Medium,,DIEGO LUIS QUIOZA GONZALEZ,712020:e0507d9d-17d9-4e54-a71a-4a5833e161fd,DIEGO LUIS QUIOZA GONZALEZ,712020:e0507d9d-17d9-4e54-a71a-4a5833e161fd,DIEGO LUIS QUIOZA GONZALEZ,712020:e0507d9d-17d9-4e54-a71a-4a5833e161fd,28/sep/26 10:11 PM,30/sep/26 12:02 AM,,,12/oct/26 12:00 AM,0,,,DIEGO LUIS QUIOZA GONZALEZ,,712020:e0507d9d-17d9-4e54-a71a-4a5833e161fd,,,,,,,,,,0|i000db:,,28/sep/26 12:00 AM,,,,,{},,Por hacer,28/sep/26 10:11 PM,,,
EPIC-6: [Frontend] Gestión de workspaces,OC-56,10099,Epic,Por hacer,OC,OCTOMATION,software,Santiago Ricardo Santander Vergara,712020:4cae68be-375c-4ca4-8979-1ff182cb8adf,,Medium,,DIEGO LUIS QUIOZA GONZALEZ,712020:e0507d9d-17d9-4e54-a71a-4a5833e161fd,DIEGO LUIS QUIOZA GONZALEZ,712020:e0507d9d-17d9-4e54-a71a-4a5833e161fd,DIEGO LUIS QUIOZA GONZALEZ,712020:e0507d9d-17d9-4e54-a71a-4a5833e161fd,30/sep/26 12:09 AM,30/sep/26 12:10 AM,,,,0,,,DIEGO LUIS QUIOZA GONZALEZ,,712020:e0507d9d-17d9-4e54-a71a-4a5833e161fd,,,,,,,,,,0|i000dj:,,,,,,,{},,Por hacer,30/sep/26 12:09 AM,,,
EPIC-7: [Frontend] Plataforma de Automatizaciones,OC-57,10100,Epic,Por hacer,OC,OCTOMATION,software,Santiago Ricardo Santander Vergara,712020:4cae68be-375c-4ca4-8979-1ff182cb8adf,,Medium,,DIEGO LUIS QUIOZA GONZALEZ,712020:e0507d9d-17d9-4e54-a71a-4a5833e161fd,DIEGO LUIS QUIOZA GONZALEZ,712020:e0507d9d-17d9-4e54-a71a-4a5833e161fd,DIEGO LUIS QUIOZA GONZALEZ,712020:e0507d9d-17d9-4e54-a71a-4a5833e161fd,30/sep/26 12:09 AM,30/sep/26 12:10 AM,,,,0,,,DIEGO LUIS QUIOZA GONZALEZ,,712020:e0507d9d-17d9-4e54-a71a-4a5833e161fd,,,,,,,,,,0|i000dr:,,,,,,,{},,Por hacer,30/sep/26 12:09 AM,,,
EPIC-10: [Frontend] Pasarela de pagos,OC-60,10103,Epic,Por hacer,OC,OCTOMATION,software,Santiago Ricardo Santander Vergara,712020:4cae68be-375c-4ca4-8979-1ff182cb8adf,,Medium,,Santiago Ricardo Santander Vergara,712020:4cae68be-375c-4ca4-8979-1ff182cb8adf,DIEGO LUIS QUIOZA GONZALEZ,712020:e0507d9d-17d9-4e54-a71a-4a5833e161fd,DIEGO LUIS QUIOZA GONZALEZ,712020:e0507d9d-17d9-4e54-a71a-4a5833e161fd,30/sep/26 12:10 AM,30/sep/26 12:10 AM,,,,0,,,DIEGO LUIS QUIOZA GONZALEZ,,712020:e0507d9d-17d9-4e54-a71a-4a5833e161fd,,,,,,,,,,0|i000ef:,,,,,,,{},,Por hacer,30/sep/26 12:10 AM,,,
EPIC-11: [Backend] Microservicio de transacciones,OC-61,10104,Epic,Por hacer,OC,OCTOMATION,software,Santiago Ricardo Santander Vergara,712020:4cae68be-375c-4ca4-8979-1ff182cb8adf,,Medium,,,,DIEGO LUIS QUIOZA GONZALEZ,712020:e0507d9d-17d9-4e54-a71a-4a5833e161fd,DIEGO LUIS QUIOZA GONZALEZ,712020:e0507d9d-17d9-4e54-a71a-4a5833e161fd,01/oct/26 9:46 PM,08/oct/26 1:16 AM,08/oct/26 1:22 AM,,19/oct/26 12:00 AM,0,,,DIEGO LUIS QUIOZA GONZALEZ,,712020:e0507d9d-17d9-4e54-a71a-4a5833e161fd,,,,,,,,,,0|i000en:,,15/oct/26 12:00 AM,,,,,{},,Por hacer,01/oct/26 9:46 PM,,,
Investigación del proceso de transacción.,OC-62,10105,Tarea,Por hacer,OC,OCTOMATION,software,Santiago Ricardo Santander Vergara,712020:4cae68be-375c-4ca4-8979-1ff182cb8adf,,Medium,,Santiago Ricardo Santander Vergara,712020:4cae68be-375c-4ca4-8979-1ff182cb8adf,DIEGO LUIS QUIOZA GONZALEZ,712020:e0507d9d-17d9-4e54-a71a-4a5833e161fd,DIEGO LUIS QUIOZA GONZALEZ,712020:e0507d9d-17d9-4e54-a71a-4a5833e161fd,01/oct/26 9:48 PM,01/oct/26 9:51 PM,,,,0,,,DIEGO LUIS QUIOZA GONZALEZ,,712020:e0507d9d-17d9-4e54-a71a-4a5833e161fd,,,,,,,,,,0|i000ev:,,,,,,,{},,Por hacer,01/oct/26 9:51 PM,10104,OC-61,EPIC-11: [Backend] Microservicio de transacciones
Diseñar el Flujo,OC-63,10106,Tarea,Por hacer,OC,OCTOMATION,software,Santiago Ricardo Santander Vergara,712020:4cae68be-375c-4ca4-8979-1ff182cb8adf,,Medium,,DIEGO LUIS QUIOZA GONZALEZ,712020:e0507d9d-17d9-4e54-a71a-4a5833e161fd,DIEGO LUIS QUIOZA GONZALEZ,712020:e0507d9d-17d9-4e54-a71a-4a5833e161fd,DIEGO LUIS QUIOZA GONZALEZ,712020:e0507d9d-17d9-4e54-a71a-4a5833e161fd,01/oct/26 9:48 PM,01/oct/26 9:49 PM,,,,0,,,DIEGO LUIS QUIOZA GONZALEZ,,712020:e0507d9d-17d9-4e54-a71a-4a5833e161fd,,,,,,,,,,0|i000f3:,,,,,,,{},,Por hacer,01/oct/26 9:48 PM,10104,OC-61,EPIC-11: [Backend] Microservicio de transacciones
EPIC-8: [FRONTEND] Visualización de planes y suscripciones ,OC-64,10107,Epic,Por hacer,OC,OCTOMATION,software,Santiago Ricardo Santander Vergara,712020:4cae68be-375c-4ca4-8979-1ff182cb8adf,,Medium,,Denis Carcamo,712020:2601871d-2ee4-41d0-8851-3f562224f2e1,Denis Carcamo,712020:2601871d-2ee4-41d0-8851-3f562224f2e1,Denis Carcamo,712020:2601871d-2ee4-41d0-8851-3f562224f2e1,08/oct/26 1:21 AM,08/oct/26 1:22 AM,08/oct/26 1:22 AM,,,0,,,Denis Carcamo,,712020:2601871d-2ee4-41d0-8851-3f562224f2e1,,,,,,,,,,0|i000fd:,,,,,,,{},,Por hacer,08/oct/26 1:21 AM,,,
EPIC-9: [BACKEND] Gestión de cobros,OC-65,10108,Epic,Por hacer,OC,OCTOMATION,software,Santiago Ricardo Santander Vergara,712020:4cae68be-375c-4ca4-8979-1ff182cb8adf,,Medium,,Denis Carcamo,712020:2601871d-2ee4-41d0-8851-3f562224f2e1,Denis Carcamo,712020:2601871d-2ee4-41d0-8851-3f562224f2e1,Denis Carcamo,712020:2601871d-2ee4-41d0-8851-3f562224f2e1,08/oct/26 1:23 AM,08/oct/26 1:23 AM,,,,0,,,Denis Carcamo,,712020:2601871d-2ee4-41d0-8851-3f562224f2e1,,,,,,,,,,0|i000ff:,,,,,,,{},,Por hacer,08/oct/26 1:23 AM,,,
